workload_label,badger,leaves,lmdb,sqlite,wiredtiger
ACID A/C/I,1736.9850000000001,3970.48,2167.625,3644.49,1122.04
ACID Batch RMW,4380.145,13872.25,8746.595,7835.615,9809.035
ACID Txn,878.7740000000001,6055.870000000001,3062.945,4714.745,4339.68
