batch_size,badger,leaves,leveldb,lmdb,redis,rocksdb,sqlite,wiredtiger
1,36285.399999999994,652103.0,344169.0,395483.0,39230.350000000006,204408.0,87304.5,61494.15
8,95144.85,791149.0,410734.0,421997.0,78239.20000000001,259998.5,157418.0,60181.25
32,108853.55,809464.5,422211.0,416289.0,86677.15,258835.5,170060.5,61650.9
64,111067.45,807846.0,413444.5,413224.0,89115.35,265556.5,163951.5,61670.850000000006
